debugT1AKY5:debugGQ9C3Z,0,1604081036433,"{""phase"": ""INSTRUCTIONS"", ""templates"": [""instruct-1.html""], ""action"": ""Begin""}"
debugT1AKY5:debugGQ9C3Z,1,1604081045227,"{""phase"": ""INSTRUCTIONS"", ""indexOf"": 0, ""viewTime"": 8790, ""action"": ""FinishInstructions"", ""template"": ""instruct-1.html""}"
debugT1AKY5:debugGQ9C3Z,2,1604081045237,"{""phase"": ""demoquestionnaire"", ""status"": ""begin""}"
debugT1AKY5:debugGQ9C3Z,3,1604081055907,"{""phase"": ""demoquestionnaire"", ""status"": ""submit""}"
debugT1AKY5:debugGQ9C3Z,4,1604081055945,"{""phase"": ""vidcheck"", ""status"": ""begin""}"
debugT1AKY5:debugGQ9C3Z,5,1604081060196,"{""phase"": ""vidcheck"", ""status"": ""play/pause clicked: 0""}"
debugT1AKY5:debugGQ9C3Z,6,1604081071125,"{""phase"": ""vidcheck"", ""status"": ""video ended""}"
debugT1AKY5:debugGQ9C3Z,7,1604081074810,"{""phase"": ""vidcheck"", ""status"": ""play/pause clicked: 1""}"
debugT1AKY5:debugGQ9C3Z,8,1604081085593,"{""phase"": ""vidcheck"", ""status"": ""video ended""}"
debugT1AKY5:debugGQ9C3Z,9,1604081090646,"{""phase"": ""vidcheck"", ""status"": ""submit""}"
debugMMK0TX:debugHDQLWS,0,1604082129115,"{""phase"": ""INSTRUCTIONS"", ""templates"": [""instruct-1.html""], ""action"": ""Begin""}"
debugMMK0TX:debugHDQLWS,1,1604082130501,"{""phase"": ""INSTRUCTIONS"", ""indexOf"": 0, ""viewTime"": 1381, ""action"": ""FinishInstructions"", ""template"": ""instruct-1.html""}"
debugHCJX3X:debugJIM4FX,0,1604084061038,"{""phase"": ""INSTRUCTIONS"", ""templates"": [""instruct-1.html""], ""action"": ""Begin""}"
debugHCJX3X:debugJIM4FX,1,1604084063286,"{""phase"": ""INSTRUCTIONS"", ""indexOf"": 0, ""viewTime"": 2244, ""action"": ""FinishInstructions"", ""template"": ""instruct-1.html""}"
debugHCJX3X:debugJIM4FX,2,1604084063306,"{""phase"": ""demoquestionnaire"", ""status"": ""begin""}"
debugHCJX3X:debugJIM4FX,3,1604084081816,"{""phase"": ""demoquestionnaire"", ""status"": ""submit""}"
debugHCJX3X:debugJIM4FX,4,1604084081856,"{""phase"": ""vidcheck"", ""status"": ""begin""}"
debugHCJX3X:debugJIM4FX,5,1604084091864,"{""phase"": ""vidcheck"", ""status"": ""play/pause clicked: 0""}"
debugHCJX3X:debugJIM4FX,6,1604084102834,"{""phase"": ""vidcheck"", ""status"": ""video ended""}"
debugHCJX3X:debugJIM4FX,7,1604084117802,"{""phase"": ""vidcheck"", ""status"": ""play/pause clicked: 1""}"
debugHCJX3X:debugJIM4FX,8,1604084128596,"{""phase"": ""vidcheck"", ""status"": ""video ended""}"
debugHCJX3X:debugJIM4FX,9,1604084269189,"{""phase"": ""vidcheck"", ""status"": ""submit""}"
debugA2F13O:debugVDR8MU,0,1604084402984,"{""phase"": ""INSTRUCTIONS"", ""templates"": [""instruct-1.html""], ""action"": ""Begin""}"
debugA2F13O:debugVDR8MU,1,1604084405070,"{""phase"": ""INSTRUCTIONS"", ""indexOf"": 0, ""viewTime"": 2084, ""action"": ""FinishInstructions"", ""template"": ""instruct-1.html""}"
debugP0H1RZ:debugJP9MAT,0,1604084733636,"{""phase"": ""INSTRUCTIONS"", ""templates"": [""instruct-1.html""], ""action"": ""Begin""}"
debugP0H1RZ:debugJP9MAT,1,1604084827115,"{""phase"": ""INSTRUCTIONS"", ""indexOf"": 0, ""viewTime"": 93476, ""action"": ""FinishInstructions"", ""template"": ""instruct-1.html""}"
debugP0H1RZ:debugJP9MAT,2,1604084827128,"{""phase"": ""demoquestionnaire"", ""status"": ""begin""}"
debugP0H1RZ:debugJP9MAT,3,1604084833879,"{""phase"": ""demoquestionnaire"", ""status"": ""submit""}"
debugP0H1RZ:debugJP9MAT,4,1604084833923,"{""phase"": ""vidcheck"", ""status"": ""begin""}"
debugP0H1RZ:debugJP9MAT,5,1604084836561,"{""phase"": ""vidcheck"", ""status"": ""play/pause clicked: 0""}"
debugP0H1RZ:debugJP9MAT,6,1604084847367,"{""phase"": ""vidcheck"", ""status"": ""video ended""}"
debugP0H1RZ:debugJP9MAT,7,1604084856768,"{""phase"": ""vidcheck"", ""status"": ""submit""}"
debug7CWAZ3:debugVSR0I2,0,1604085177617,"{""phase"": ""INSTRUCTIONS"", ""templates"": [""instruct-1.html""], ""action"": ""Begin""}"
debug7CWAZ3:debugVSR0I2,1,1604085182555,"{""phase"": ""INSTRUCTIONS"", ""indexOf"": 0, ""viewTime"": 4933, ""action"": ""FinishInstructions"", ""template"": ""instruct-1.html""}"
debug7CWAZ3:debugVSR0I2,2,1604085182626,"{""phase"": ""demoquestionnaire"", ""status"": ""begin""}"
debug7CWAZ3:debugVSR0I2,3,1604085188044,"{""phase"": ""demoquestionnaire"", ""status"": ""submit""}"
debug7CWAZ3:debugVSR0I2,4,1604085188069,"{""phase"": ""vidcheck"", ""status"": ""begin""}"
debug7CWAZ3:debugVSR0I2,5,1604085189436,"{""phase"": ""vidcheck"", ""status"": ""play/pause clicked: 0""}"
debug7CWAZ3:debugVSR0I2,6,1604085200255,"{""phase"": ""vidcheck"", ""status"": ""video ended""}"
debug7CWAZ3:debugVSR0I2,7,1604085201180,"{""phase"": ""vidcheck"", ""status"": ""submit""}"
debug7CWAZ3:debugVSR0I2,8,1604085201211,"{""phase"": ""intro_video"", ""status"": ""begin""}"
debug7CWAZ3:debugVSR0I2,9,1604085213632,"{""phase"": ""intro_video"", ""status"": ""play/pause clicked: 0""}"
debug7CWAZ3:debugVSR0I2,10,1604085268496,"{""phase"": ""intro_video"", ""status"": ""video ended""}"
debug7CWAZ3:debugVSR0I2,11,1604085290535,"{""phase"": ""intro_video"", ""status"": ""submit""}"
debug7CWAZ3:debugVSR0I2,12,1604085290545,"{""phase"": ""pretest"", ""status"": ""begin""}"
debug7CWAZ3:debugVSR0I2,13,1604085345501,"{""phase"": ""pretest"", ""status"": ""submit""}"
debug7CWAZ3:debugVSR0I2,14,1604085345512,"{""phase"": ""command_video"", ""status"": ""begin""}"
debug7CWAZ3:debugVSR0I2,15,1604085347976,"{""phase"": ""command_video"", ""status"": ""play/pause clicked: 0""}"
debug7CWAZ3:debugVSR0I2,16,1604085370609,"{""phase"": ""command_video"", ""status"": ""video ended""}"
debug7CWAZ3:debugVSR0I2,17,1604085380147,"{""phase"": ""command_video"", ""status"": ""submit""}"
debug7CWAZ3:debugVSR0I2,18,1604085380154,"{""phase"": ""response_video"", ""status"": ""begin""}"
debug7CWAZ3:debugVSR0I2,19,1604085383201,"{""phase"": ""response_video"", ""status"": ""play/pause clicked: 0""}"
debug7CWAZ3:debugVSR0I2,20,1604085393563,"{""phase"": ""response_video"", ""status"": ""video ended""}"
debug7CWAZ3:debugVSR0I2,21,1604085402747,"{""phase"": ""response_video"", ""status"": ""submit""}"
debug7CWAZ3:debugVSR0I2,22,1604085402754,"{""phase"": ""questions"", ""status"": ""begin""}"
debug7CWAZ3:debugVSR0I2,23,1604085469251,"{""phase"": ""questions_/static/videos/response/question/toward_hips"", ""status"": ""submit""}"
debug7CWAZ3:debugVSR0I2,24,1604085469262,"{""phase"": ""response_video"", ""status"": ""begin""}"
debug7CWAZ3:debugVSR0I2,25,1604085471162,"{""phase"": ""response_video"", ""status"": ""play/pause clicked: 0""}"
debug7CWAZ3:debugVSR0I2,26,1604085481466,"{""phase"": ""response_video"", ""status"": ""video ended""}"
debug7CWAZ3:debugVSR0I2,27,1604085494862,"{""phase"": ""response_video"", ""status"": ""submit""}"
debug7CWAZ3:debugVSR0I2,28,1604085494878,"{""phase"": ""questions"", ""status"": ""begin""}"
debug7CWAZ3:debugVSR0I2,29,1604085519788,"{""phase"": ""questions_/static/videos/response/question/toward_shrug"", ""status"": ""submit""}"
debug7CWAZ3:debugVSR0I2,30,1604085519809,"{""phase"": ""response_video"", ""status"": ""begin""}"
debug7CWAZ3:debugVSR0I2,31,1604085533982,"{""phase"": ""response_video"", ""status"": ""play/pause clicked: 0""}"
debug7CWAZ3:debugVSR0I2,32,1604085545147,"{""phase"": ""response_video"", ""status"": ""video ended""}"
debug7CWAZ3:debugVSR0I2,33,1604085545856,"{""phase"": ""response_video"", ""status"": ""submit""}"
debug7CWAZ3:debugVSR0I2,34,1604085545864,"{""phase"": ""questions"", ""status"": ""begin""}"
debug7CWAZ3:debugVSR0I2,35,1604085566160,"{""phase"": ""questions_/static/videos/response/question/away_hips"", ""status"": ""submit""}"
debug7CWAZ3:debugVSR0I2,36,1604085566166,"{""phase"": ""response_video"", ""status"": ""begin""}"
debug7CWAZ3:debugVSR0I2,37,1604085567317,"{""phase"": ""response_video"", ""status"": ""play/pause clicked: 0""}"
debug7CWAZ3:debugVSR0I2,38,1604085577715,"{""phase"": ""response_video"", ""status"": ""video ended""}"
debug7CWAZ3:debugVSR0I2,39,1604085579673,"{""phase"": ""response_video"", ""status"": ""submit""}"
debug7CWAZ3:debugVSR0I2,40,1604085579679,"{""phase"": ""questions"", ""status"": ""begin""}"
debug7CWAZ3:debugVSR0I2,41,1604085618585,"{""phase"": ""questions_/static/videos/response/question/away_shrug"", ""status"": ""submit""}"
debug7CWAZ3:debugVSR0I2,42,1604085618601,"{""phase"": ""checkquestion"", ""status"": ""begin""}"
debug7CWAZ3:debugVSR0I2,43,1604085662929,"{""phase"": ""checkquestion"", ""status"": ""submit""}"
debugNHQFXL:debugDHC8F3,0,1604086509351,"{""phase"": ""INSTRUCTIONS"", ""templates"": [""instruct-1.html""], ""action"": ""Begin""}"
debugNHQFXL:debugDHC8F3,1,1604086510823,"{""phase"": ""INSTRUCTIONS"", ""indexOf"": 0, ""viewTime"": 1468, ""action"": ""FinishInstructions"", ""template"": ""instruct-1.html""}"
debugNHQFXL:debugDHC8F3,2,1604086510844,"{""phase"": ""demoquestionnaire"", ""status"": ""begin""}"
debugNHQFXL:debugDHC8F3,3,1604086521577,"{""phase"": ""demoquestionnaire"", ""status"": ""submit""}"
debugNHQFXL:debugDHC8F3,4,1604086521599,"{""phase"": ""vidcheck"", ""status"": ""begin""}"
debugNHQFXL:debugDHC8F3,5,1604086523956,"{""phase"": ""vidcheck"", ""status"": ""play/pause clicked: 0""}"
debugNHQFXL:debugDHC8F3,6,1604086534762,"{""phase"": ""vidcheck"", ""status"": ""video ended""}"
debugNHQFXL:debugDHC8F3,7,1604086535951,"{""phase"": ""vidcheck"", ""status"": ""submit""}"
debugP9S9XT:debugCOH84A,0,1604086986401,"{""phase"": ""INSTRUCTIONS"", ""templates"": [""instruct-1.html""], ""action"": ""Begin""}"
debugP9S9XT:debugCOH84A,1,1604086987917,"{""phase"": ""INSTRUCTIONS"", ""indexOf"": 0, ""viewTime"": 1513, ""action"": ""FinishInstructions"", ""template"": ""instruct-1.html""}"
debugP9S9XT:debugCOH84A,2,1604086987929,"{""phase"": ""demoquestionnaire"", ""status"": ""begin""}"
debugP9S9XT:debugCOH84A,3,1604086993173,"{""phase"": ""demoquestionnaire"", ""status"": ""submit""}"
debugVX780Q:debugHBHA8P,0,1604087127413,"{""phase"": ""INSTRUCTIONS"", ""templates"": [""instruct-1.html""], ""action"": ""Begin""}"
debugVX780Q:debugHBHA8P,1,1604087128717,"{""phase"": ""INSTRUCTIONS"", ""indexOf"": 0, ""viewTime"": 1299, ""action"": ""FinishInstructions"", ""template"": ""instruct-1.html""}"
debugVX780Q:debugHBHA8P,2,1604087128727,"{""phase"": ""demoquestionnaire"", ""status"": ""begin""}"
debugVX780Q:debugHBHA8P,3,1604087132751,"{""phase"": ""demoquestionnaire"", ""status"": ""submit""}"
debugWUH0XH:debugBNDMSQ,0,1604087363760,"{""phase"": ""INSTRUCTIONS"", ""templates"": [""instruct-1.html""], ""action"": ""Begin""}"
debugWUH0XH:debugBNDMSQ,1,1604087364968,"{""phase"": ""INSTRUCTIONS"", ""indexOf"": 0, ""viewTime"": 1205, ""action"": ""FinishInstructions"", ""template"": ""instruct-1.html""}"
debugWUH0XH:debugBNDMSQ,2,1604087364980,"{""phase"": ""demoquestionnaire"", ""status"": ""begin""}"
debugWUH0XH:debugBNDMSQ,3,1604087369668,"{""phase"": ""demoquestionnaire"", ""status"": ""submit""}"
debugKWYJF3:debug4CMI5C,0,1604087463652,"{""phase"": ""INSTRUCTIONS"", ""templates"": [""instruct-1.html""], ""action"": ""Begin""}"
debugKWYJF3:debug4CMI5C,1,1604087465161,"{""phase"": ""INSTRUCTIONS"", ""indexOf"": 0, ""viewTime"": 1505, ""action"": ""FinishInstructions"", ""template"": ""instruct-1.html""}"
debugKWYJF3:debug4CMI5C,2,1604087465169,"{""phase"": ""demoquestionnaire"", ""status"": ""begin""}"
debugKWYJF3:debug4CMI5C,3,1604087470203,"{""phase"": ""demoquestionnaire"", ""status"": ""submit""}"
debug3Y1Z7G:debugI1NPT7,0,1604087668505,"{""phase"": ""INSTRUCTIONS"", ""templates"": [""instruct-1.html""], ""action"": ""Begin""}"
debug3Y1Z7G:debugI1NPT7,1,1604087669902,"{""phase"": ""INSTRUCTIONS"", ""indexOf"": 0, ""viewTime"": 1393, ""action"": ""FinishInstructions"", ""template"": ""instruct-1.html""}"
debug3Y1Z7G:debugI1NPT7,2,1604087669911,"{""phase"": ""demoquestionnaire"", ""status"": ""begin""}"
debug3Y1Z7G:debugI1NPT7,3,1604087674664,"{""phase"": ""demoquestionnaire"", ""status"": ""submit""}"
debugYL03MJ:debugY4YN0P,0,1604088367760,"{""phase"": ""INSTRUCTIONS"", ""templates"": [""instruct-1.html""], ""action"": ""Begin""}"
debugYL03MJ:debugY4YN0P,1,1604088368941,"{""phase"": ""INSTRUCTIONS"", ""indexOf"": 0, ""viewTime"": 1176, ""action"": ""FinishInstructions"", ""template"": ""instruct-1.html""}"
debugYL03MJ:debugY4YN0P,2,1604088368949,"{""phase"": ""demoquestionnaire"", ""status"": ""begin""}"
debugYL03MJ:debugY4YN0P,3,1604088373020,"{""phase"": ""demoquestionnaire"", ""status"": ""submit""}"
debugE8QMT3:debugJAA2SX,0,1604088641559,"{""phase"": ""INSTRUCTIONS"", ""templates"": [""instruct-1.html""], ""action"": ""Begin""}"
debugE8QMT3:debugJAA2SX,1,1604088642794,"{""phase"": ""INSTRUCTIONS"", ""indexOf"": 0, ""viewTime"": 1229, ""action"": ""FinishInstructions"", ""template"": ""instruct-1.html""}"
debugE8QMT3:debugJAA2SX,2,1604088642823,"{""phase"": ""demoquestionnaire"", ""status"": ""begin""}"
debugE8QMT3:debugJAA2SX,3,1604088647666,"{""phase"": ""demoquestionnaire"", ""status"": ""submit""}"
debug3AYPTQ:debugHYJU1Z,0,1604089365260,"{""phase"": ""INSTRUCTIONS"", ""templates"": [""instruct-1.html""], ""action"": ""Begin""}"
debug3AYPTQ:debugHYJU1Z,1,1604089367207,"{""phase"": ""INSTRUCTIONS"", ""indexOf"": 0, ""viewTime"": 1943, ""action"": ""FinishInstructions"", ""template"": ""instruct-1.html""}"
debug3AYPTQ:debugHYJU1Z,2,1604089367220,"{""phase"": ""demoquestionnaire"", ""status"": ""begin""}"
debug3AYPTQ:debugHYJU1Z,3,1604089371799,"{""phase"": ""demoquestionnaire"", ""status"": ""submit""}"
debug5L7TKB:debug11PQ64,0,1604089682320,"{""phase"": ""INSTRUCTIONS"", ""templates"": [""instruct-1.html""], ""action"": ""Begin""}"
debug5L7TKB:debug11PQ64,1,1604089683523,"{""phase"": ""INSTRUCTIONS"", ""indexOf"": 0, ""viewTime"": 1199, ""action"": ""FinishInstructions"", ""template"": ""instruct-1.html""}"
debug5L7TKB:debug11PQ64,2,1604089683539,"{""phase"": ""demoquestionnaire"", ""status"": ""begin""}"
debug5L7TKB:debug11PQ64,3,1604089687500,"{""phase"": ""demoquestionnaire"", ""status"": ""submit""}"
debug5L7TKB:debug11PQ64,4,1604089687518,"{""phase"": ""vidcheck"", ""status"": ""begin""}"
debug5L7TKB:debug11PQ64,5,1604089689756,"{""phase"": ""vidcheck"", ""status"": ""play/pause clicked: 0""}"
debug5L7TKB:debug11PQ64,6,1604089699992,"{""phase"": ""vidcheck"", ""status"": ""video ended""}"
debug5L7TKB:debug11PQ64,7,1604089700830,"{""phase"": ""vidcheck"", ""status"": ""submit""}"
debug5L7TKB:debug11PQ64,8,1604089700837,"{""phase"": ""response_video"", ""status"": ""begin""}"
debug5L7TKB:debug11PQ64,9,1604089702351,"{""phase"": ""response_video"", ""status"": ""play/pause clicked: 0""}"
debug5L7TKB:debug11PQ64,10,1604089766871,"{""phase"": ""response_video"", ""status"": ""video ended""}"
debug5L7TKB:debug11PQ64,11,1604089779319,"{""phase"": ""response_video"", ""status"": ""submit""}"
debug5L7TKB:debug11PQ64,12,1604089779335,"{""phase"": ""questions"", ""status"": ""begin""}"
debug5L7TKB:debug11PQ64,13,1604089793526,"{""phase"": ""questions_/static/videos/Human-Sounds"", ""status"": ""submit""}"
debug5L7TKB:debug11PQ64,14,1604089793540,"{""phase"": ""checkquestion"", ""status"": ""begin""}"
debug5L7TKB:debug11PQ64,15,1604089802868,"{""phase"": ""checkquestion"", ""status"": ""submit""}"
debug4VRG90:debug88EWL2,0,1604090425676,"{""phase"": ""INSTRUCTIONS"", ""templates"": [""instruct-1.html""], ""action"": ""Begin""}"
debug4VRG90:debug88EWL2,1,1604090426962,"{""phase"": ""INSTRUCTIONS"", ""indexOf"": 0, ""viewTime"": 1281, ""action"": ""FinishInstructions"", ""template"": ""instruct-1.html""}"
debug4VRG90:debug88EWL2,2,1604090427054,"{""phase"": ""demoquestionnaire"", ""status"": ""begin""}"
debug4VRG90:debug88EWL2,3,1604090436174,"{""phase"": ""demoquestionnaire"", ""status"": ""submit""}"
debug44J38L:debug3RJL6Z,0,1604090980637,"{""phase"": ""INSTRUCTIONS"", ""templates"": [""instruct-1.html""], ""action"": ""Begin""}"
debug44J38L:debug3RJL6Z,1,1604090982022,"{""phase"": ""INSTRUCTIONS"", ""indexOf"": 0, ""viewTime"": 1380, ""action"": ""FinishInstructions"", ""template"": ""instruct-1.html""}"
debug44J38L:debug3RJL6Z,2,1604090982034,"{""phase"": ""demoquestionnaire"", ""status"": ""begin""}"
debug44J38L:debug3RJL6Z,3,1604090985899,"{""phase"": ""demoquestionnaire"", ""status"": ""submit""}"
debugDBDUB3:debugXLQNJY,0,1604091325112,"{""phase"": ""INSTRUCTIONS"", ""templates"": [""instruct-1.html""], ""action"": ""Begin""}"
debugDBDUB3:debugXLQNJY,1,1604091326226,"{""phase"": ""INSTRUCTIONS"", ""indexOf"": 0, ""viewTime"": 1109, ""action"": ""FinishInstructions"", ""template"": ""instruct-1.html""}"
debugDBDUB3:debugXLQNJY,2,1604091326267,"{""phase"": ""demoquestionnaire"", ""status"": ""begin""}"
debugDBDUB3:debugXLQNJY,3,1604091330399,"{""phase"": ""demoquestionnaire"", ""status"": ""submit""}"
debugFKRJR6:debugJPCZQK,0,1604091491533,"{""phase"": ""INSTRUCTIONS"", ""templates"": [""instruct-1.html""], ""action"": ""Begin""}"
debugFKRJR6:debugJPCZQK,1,1604091492707,"{""phase"": ""INSTRUCTIONS"", ""indexOf"": 0, ""viewTime"": 1171, ""action"": ""FinishInstructions"", ""template"": ""instruct-1.html""}"
debugFKRJR6:debugJPCZQK,2,1604091492733,"{""phase"": ""demoquestionnaire"", ""status"": ""begin""}"
debugFKRJR6:debugJPCZQK,3,1604091496615,"{""phase"": ""demoquestionnaire"", ""status"": ""submit""}"
debugKI2KVH:debugR3NCEP,0,1604091853549,"{""phase"": ""INSTRUCTIONS"", ""templates"": [""instruct-1.html""], ""action"": ""Begin""}"
debugKI2KVH:debugR3NCEP,1,1604091854809,"{""phase"": ""INSTRUCTIONS"", ""indexOf"": 0, ""viewTime"": 1253, ""action"": ""FinishInstructions"", ""template"": ""instruct-1.html""}"
debugKI2KVH:debugR3NCEP,2,1604091854825,"{""phase"": ""demoquestionnaire"", ""status"": ""begin""}"
debugKI2KVH:debugR3NCEP,3,1604091859691,"{""phase"": ""demoquestionnaire"", ""status"": ""submit""}"
debug6SFR4D:debugI2MERF,0,1604092414222,"{""phase"": ""INSTRUCTIONS"", ""templates"": [""instruct-1.html""], ""action"": ""Begin""}"
debug6SFR4D:debugI2MERF,1,1604092415599,"{""phase"": ""INSTRUCTIONS"", ""indexOf"": 0, ""viewTime"": 1373, ""action"": ""FinishInstructions"", ""template"": ""instruct-1.html""}"
debug6SFR4D:debugI2MERF,2,1604092415609,"{""phase"": ""demoquestionnaire"", ""status"": ""begin""}"
debug6SFR4D:debugI2MERF,3,1604092419819,"{""phase"": ""demoquestionnaire"", ""status"": ""submit""}"
debug6SFR4D:debugI2MERF,4,1604092419834,"{""phase"": ""vidcheck"", ""status"": ""begin""}"
debug6SFR4D:debugI2MERF,5,1604092421166,"{""phase"": ""vidcheck"", ""status"": ""play/pause clicked: 0""}"
debug6SFR4D:debugI2MERF,6,1604092431938,"{""phase"": ""vidcheck"", ""status"": ""video ended""}"
debug6SFR4D:debugI2MERF,7,1604092432922,"{""phase"": ""vidcheck"", ""status"": ""submit""}"
debug6SFR4D:debugI2MERF,8,1604092432939,"{""phase"": ""response_video"", ""status"": ""begin""}"
debug6SFR4D:debugI2MERF,9,1604092435747,"{""phase"": ""response_video"", ""status"": ""play/pause clicked: 0""}"
debug6SFR4D:debugI2MERF,10,1604092493683,"{""phase"": ""response_video"", ""status"": ""video ended""}"
debug6SFR4D:debugI2MERF,11,1604092499641,"{""phase"": ""response_video"", ""status"": ""submit""}"
debug6SFR4D:debugI2MERF,12,1604092499650,"{""phase"": ""questions"", ""status"": ""begin""}"
debug6SFR4D:debugI2MERF,13,1604092506358,"{""phase"": ""questions_/static/videos/Nao-Sounds"", ""status"": ""submit""}"
debug6SFR4D:debugI2MERF,14,1604092506451,"{""phase"": ""final_questions"", ""status"": ""begin""}"
debug6SFR4D:debugI2MERF,15,1604092796216,"{""phase"": ""final_question"", ""status"": ""submit""}"
debug6SFR4D:debugI2MERF,16,1604092796288,"{""phase"": ""checkquestion"", ""status"": ""begin""}"
debug6SFR4D:debugI2MERF,17,1604092806089,"{""phase"": ""checkquestion"", ""status"": ""submit""}"
debug213TPL:debugEQ1NJ0,0,1604093056050,"{""phase"": ""INSTRUCTIONS"", ""templates"": [""instruct-1.html""], ""action"": ""Begin""}"
debug213TPL:debugEQ1NJ0,1,1604093057635,"{""phase"": ""INSTRUCTIONS"", ""indexOf"": 0, ""viewTime"": 1578, ""action"": ""FinishInstructions"", ""template"": ""instruct-1.html""}"
debug213TPL:debugEQ1NJ0,2,1604093057663,"{""phase"": ""demoquestionnaire"", ""status"": ""begin""}"
debug213TPL:debugEQ1NJ0,3,1604093063015,"{""phase"": ""demoquestionnaire"", ""status"": ""submit""}"
debug213TPL:debugEQ1NJ0,4,1604093063047,"{""phase"": ""vidcheck"", ""status"": ""begin""}"
debug213TPL:debugEQ1NJ0,5,1604093064316,"{""phase"": ""vidcheck"", ""status"": ""play/pause clicked: 0""}"
debug213TPL:debugEQ1NJ0,6,1604093075116,"{""phase"": ""vidcheck"", ""status"": ""video ended""}"
debug213TPL:debugEQ1NJ0,7,1604093076169,"{""phase"": ""vidcheck"", ""status"": ""submit""}"
debug213TPL:debugEQ1NJ0,8,1604093076185,"{""phase"": ""response_video"", ""status"": ""begin""}"
debug213TPL:debugEQ1NJ0,9,1604093077815,"{""phase"": ""response_video"", ""status"": ""play/pause clicked: 0""}"
debug213TPL:debugEQ1NJ0,10,1604093135099,"{""phase"": ""response_video"", ""status"": ""video ended""}"
debug213TPL:debugEQ1NJ0,11,1604093137271,"{""phase"": ""response_video"", ""status"": ""submit""}"
debug213TPL:debugEQ1NJ0,12,1604093137285,"{""phase"": ""questions"", ""status"": ""begin""}"
debug213TPL:debugEQ1NJ0,13,1604093143893,"{""phase"": ""questions_/static/videos/Nao-Sounds"", ""status"": ""submit""}"
debug213TPL:debugEQ1NJ0,14,1604093143987,"{""phase"": ""final_questions"", ""status"": ""begin""}"
debug213TPL:debugEQ1NJ0,15,1604093147742,"{""phase"": ""final_question"", ""status"": ""submit""}"
debugAFR0V4:debug7WXK6A,0,1604094088353,"{""phase"": ""INSTRUCTIONS"", ""templates"": [""instruct-1.html""], ""action"": ""Begin""}"
debugAFR0V4:debug7WXK6A,1,1604094091793,"{""phase"": ""INSTRUCTIONS"", ""indexOf"": 0, ""viewTime"": 3436, ""action"": ""FinishInstructions"", ""template"": ""instruct-1.html""}"
debugAFR0V4:debug7WXK6A,2,1604094091819,"{""phase"": ""demoquestionnaire"", ""status"": ""begin""}"
debugAFR0V4:debug7WXK6A,3,1604094096441,"{""phase"": ""demoquestionnaire"", ""status"": ""submit""}"
debugR9GYII:debug715HDF,0,1604094317617,"{""phase"": ""INSTRUCTIONS"", ""templates"": [""instruct-1.html""], ""action"": ""Begin""}"
debugR9GYII:debug715HDF,1,1604094318899,"{""phase"": ""INSTRUCTIONS"", ""indexOf"": 0, ""viewTime"": 1279, ""action"": ""FinishInstructions"", ""template"": ""instruct-1.html""}"
debugR9GYII:debug715HDF,2,1604094318923,"{""phase"": ""demoquestionnaire"", ""status"": ""begin""}"
debugR9GYII:debug715HDF,3,1604094323116,"{""phase"": ""demoquestionnaire"", ""status"": ""submit""}"
debug9Z2PT8:debugQBS9RK,0,1604094401467,"{""phase"": ""INSTRUCTIONS"", ""templates"": [""instruct-1.html""], ""action"": ""Begin""}"
debug9Z2PT8:debugQBS9RK,1,1604094406600,"{""phase"": ""INSTRUCTIONS"", ""indexOf"": 0, ""viewTime"": 5130, ""action"": ""FinishInstructions"", ""template"": ""instruct-1.html""}"
debug9Z2PT8:debugQBS9RK,2,1604094406625,"{""phase"": ""demoquestionnaire"", ""status"": ""begin""}"
debug9Z2PT8:debugQBS9RK,3,1604094416633,"{""phase"": ""demoquestionnaire"", ""status"": ""submit""}"
debugLVPXKE:debug1N61BM,0,1604094977422,"{""phase"": ""INSTRUCTIONS"", ""templates"": [""instruct-1.html""], ""action"": ""Begin""}"
debugLVPXKE:debug1N61BM,1,1604094980160,"{""phase"": ""INSTRUCTIONS"", ""indexOf"": 0, ""viewTime"": 2736, ""action"": ""FinishInstructions"", ""template"": ""instruct-1.html""}"
debugLVPXKE:debug1N61BM,2,1604094980175,"{""phase"": ""demoquestionnaire"", ""status"": ""begin""}"
debugLVPXKE:debug1N61BM,3,1604094984510,"{""phase"": ""demoquestionnaire"", ""status"": ""submit""}"
debugHOT3XM:debugOTT8H0,0,1604095132038,"{""phase"": ""INSTRUCTIONS"", ""templates"": [""instruct-1.html""], ""action"": ""Begin""}"
debugHOT3XM:debugOTT8H0,1,1604095135094,"{""phase"": ""INSTRUCTIONS"", ""indexOf"": 0, ""viewTime"": 3053, ""action"": ""FinishInstructions"", ""template"": ""instruct-1.html""}"
debugHOT3XM:debugOTT8H0,2,1604095135102,"{""phase"": ""demoquestionnaire"", ""status"": ""begin""}"
debugHOT3XM:debugOTT8H0,3,1604095139150,"{""phase"": ""demoquestionnaire"", ""status"": ""submit""}"
debug5Y3CDD:debugTB34TQ,0,1604095820058,"{""phase"": ""INSTRUCTIONS"", ""templates"": [""instruct-1.html""], ""action"": ""Begin""}"
debug5Y3CDD:debugTB34TQ,1,1604095821305,"{""phase"": ""INSTRUCTIONS"", ""indexOf"": 0, ""viewTime"": 1244, ""action"": ""FinishInstructions"", ""template"": ""instruct-1.html""}"
debug5Y3CDD:debugTB34TQ,2,1604095821328,"{""phase"": ""demoquestionnaire"", ""status"": ""begin""}"
debug5Y3CDD:debugTB34TQ,3,1604095832451,"{""phase"": ""demoquestionnaire"", ""status"": ""submit""}"
debugX2GU2R:debugMY5XXN,0,1604095854505,"{""phase"": ""INSTRUCTIONS"", ""templates"": [""instruct-1.html""], ""action"": ""Begin""}"
debugX2GU2R:debugMY5XXN,1,1604095856230,"{""phase"": ""INSTRUCTIONS"", ""indexOf"": 0, ""viewTime"": 1723, ""action"": ""FinishInstructions"", ""template"": ""instruct-1.html""}"
debugX2GU2R:debugMY5XXN,2,1604095856239,"{""phase"": ""demoquestionnaire"", ""status"": ""begin""}"
debugX2GU2R:debugMY5XXN,3,1604095860135,"{""phase"": ""demoquestionnaire"", ""status"": ""submit""}"
debugCNP3TN:debugBMKUB7,0,1604095879783,"{""phase"": ""INSTRUCTIONS"", ""templates"": [""instruct-1.html""], ""action"": ""Begin""}"
debugCNP3TN:debugBMKUB7,1,1604095881275,"{""phase"": ""INSTRUCTIONS"", ""indexOf"": 0, ""viewTime"": 1490, ""action"": ""FinishInstructions"", ""template"": ""instruct-1.html""}"
debugCNP3TN:debugBMKUB7,2,1604095881299,"{""phase"": ""demoquestionnaire"", ""status"": ""begin""}"
debugCNP3TN:debugBMKUB7,3,1604095884821,"{""phase"": ""demoquestionnaire"", ""status"": ""submit""}"
debugCNP3TN:debugBMKUB7,4,1604095884863,"{""phase"": ""vidcheck"", ""status"": ""begin""}"
debugCNP3TN:debugBMKUB7,5,1604095886272,"{""phase"": ""vidcheck"", ""status"": ""play/pause clicked: 0""}"
debugCNP3TN:debugBMKUB7,6,1604095893072,"{""phase"": ""vidcheck"", ""status"": ""video ended""}"
debugCNP3TN:debugBMKUB7,7,1604095893904,"{""phase"": ""vidcheck"", ""status"": ""submit""}"
debugCNP3TN:debugBMKUB7,8,1604095893920,"{""phase"": ""response_video"", ""status"": ""begin""}"
debugCNP3TN:debugBMKUB7,9,1604095897276,"{""phase"": ""response_video"", ""status"": ""play/pause clicked: 0""}"
debugCNP3TN:debugBMKUB7,10,1604095992963,"{""phase"": ""response_video"", ""status"": ""video ended""}"
debugCNP3TN:debugBMKUB7,11,1604096002750,"{""phase"": ""response_video"", ""status"": ""submit""}"
debugCNP3TN:debugBMKUB7,12,1604096002764,"{""phase"": ""questions"", ""status"": ""begin""}"
debugCNP3TN:debugBMKUB7,13,1604096065198,"{""phase"": ""questions_/static/videos/Human-Sounds"", ""status"": ""submit""}"
debugCNP3TN:debugBMKUB7,14,1604096065275,"{""phase"": ""final_questions"", ""status"": ""begin""}"
debugCNP3TN:debugBMKUB7,15,1604096150844,"{""phase"": ""final_question"", ""status"": ""submit""}"
debug1O9OA7:debugR539Z9,0,1604096456298,"{""phase"": ""INSTRUCTIONS"", ""templates"": [""instruct-1.html""], ""action"": ""Begin""}"
debug1O9OA7:debugR539Z9,1,1604096460727,"{""phase"": ""INSTRUCTIONS"", ""indexOf"": 0, ""viewTime"": 4426, ""action"": ""FinishInstructions"", ""template"": ""instruct-1.html""}"
debug1O9OA7:debugR539Z9,2,1604096460738,"{""phase"": ""demoquestionnaire"", ""status"": ""begin""}"
debug1O9OA7:debugR539Z9,3,1604096466579,"{""phase"": ""demoquestionnaire"", ""status"": ""submit""}"
debug1O9OA7:debugR539Z9,4,1604096466618,"{""phase"": ""vidcheck"", ""status"": ""begin""}"
debug1O9OA7:debugR539Z9,5,1604096467783,"{""phase"": ""vidcheck"", ""status"": ""play/pause clicked: 0""}"
debug1O9OA7:debugR539Z9,6,1604096474569,"{""phase"": ""vidcheck"", ""status"": ""video ended""}"
debug1O9OA7:debugR539Z9,7,1604096475593,"{""phase"": ""vidcheck"", ""status"": ""submit""}"
debug1O9OA7:debugR539Z9,8,1604096475605,"{""phase"": ""response_video"", ""status"": ""begin""}"
debug1O9OA7:debugR539Z9,9,1604096478638,"{""phase"": ""response_video"", ""status"": ""play/pause clicked: 0""}"
debug1O9OA7:debugR539Z9,10,1604096543785,"{""phase"": ""response_video"", ""status"": ""video ended""}"
debug1O9OA7:debugR539Z9,11,1604096545640,"{""phase"": ""response_video"", ""status"": ""submit""}"
debug1O9OA7:debugR539Z9,12,1604096545652,"{""phase"": ""questions"", ""status"": ""begin""}"
debug1O9OA7:debugR539Z9,13,1604096573722,"{""phase"": ""questions_/static/videos/Human-Sounds"", ""status"": ""submit""}"
debug1O9OA7:debugR539Z9,14,1604096573800,"{""phase"": ""final_questions"", ""status"": ""begin""}"
debug1O9OA7:debugR539Z9,15,1604096700120,"{""phase"": ""final_question"", ""status"": ""submit""}"
debugTSV1E8:debugI0XN6A,0,1604097051667,"{""phase"": ""INSTRUCTIONS"", ""templates"": [""instruct-1.html""], ""action"": ""Begin""}"
debugTSV1E8:debugI0XN6A,1,1604097052872,"{""phase"": ""INSTRUCTIONS"", ""indexOf"": 0, ""viewTime"": 1201, ""action"": ""FinishInstructions"", ""template"": ""instruct-1.html""}"
debugTSV1E8:debugI0XN6A,2,1604097052885,"{""phase"": ""demoquestionnaire"", ""status"": ""begin""}"
debugTSV1E8:debugI0XN6A,3,1604097057343,"{""phase"": ""demoquestionnaire"", ""status"": ""submit""}"
debugQFOK47:debugE0YCGH,0,1604097314468,"{""phase"": ""INSTRUCTIONS"", ""templates"": [""instruct-1.html""], ""action"": ""Begin""}"
debugQFOK47:debugE0YCGH,1,1604097316084,"{""phase"": ""INSTRUCTIONS"", ""indexOf"": 0, ""viewTime"": 1613, ""action"": ""FinishInstructions"", ""template"": ""instruct-1.html""}"
debugQFOK47:debugE0YCGH,2,1604097316111,"{""phase"": ""demoquestionnaire"", ""status"": ""begin""}"
debugQFOK47:debugE0YCGH,3,1604097320277,"{""phase"": ""demoquestionnaire"", ""status"": ""submit""}"
debugXFBXKL:debugAV97GH,0,1604200631288,"{""phase"": ""INSTRUCTIONS"", ""templates"": [""instruct-1.html""], ""action"": ""Begin""}"
debugXFBXKL:debugAV97GH,1,1604200636230,"{""phase"": ""INSTRUCTIONS"", ""indexOf"": 0, ""viewTime"": 4938, ""action"": ""FinishInstructions"", ""template"": ""instruct-1.html""}"
debugXFBXKL:debugAV97GH,2,1604200636241,"{""phase"": ""demoquestionnaire"", ""status"": ""begin""}"
debugXFBXKL:debugAV97GH,3,1604200644201,"{""phase"": ""demoquestionnaire"", ""status"": ""submit""}"
debugXFBXKL:debugAV97GH,4,1604200644239,"{""phase"": ""vidcheck"", ""status"": ""begin""}"
debugXFBXKL:debugAV97GH,5,1604200646924,"{""phase"": ""vidcheck"", ""status"": ""play/pause clicked: 0""}"
debugXFBXKL:debugAV97GH,6,1604200653683,"{""phase"": ""vidcheck"", ""status"": ""video ended""}"
debugXFBXKL:debugAV97GH,7,1604200658390,"{""phase"": ""vidcheck"", ""status"": ""submit""}"
debugXFBXKL:debugAV97GH,8,1604200658401,"{""phase"": ""response_video"", ""status"": ""begin""}"
debugXFBXKL:debugAV97GH,9,1604200661562,"{""phase"": ""response_video"", ""status"": ""play/pause clicked: 0""}"
debugXFBXKL:debugAV97GH,10,1604200721950,"{""phase"": ""response_video"", ""status"": ""video ended""}"
debugXFBXKL:debugAV97GH,11,1604200724117,"{""phase"": ""response_video"", ""status"": ""submit""}"
debugXFBXKL:debugAV97GH,12,1604200724124,"{""phase"": ""questions"", ""status"": ""begin""}"
debugXFBXKL:debugAV97GH,13,1604200748193,"{""phase"": ""questions_/static/videos/Nao-Sounds"", ""status"": ""submit""}"
debugXFBXKL:debugAV97GH,14,1604200748293,"{""phase"": ""final_questions"", ""status"": ""begin""}"
debugXFBXKL:debugAV97GH,15,1604200764511,"{""phase"": ""final_question"", ""status"": ""submit""}"
debug8621H4:debug76WQ0P,0,1604206644591,"{""phase"": ""INSTRUCTIONS"", ""templates"": [""instruct-1.html""], ""action"": ""Begin""}"
debug8621H4:debug76WQ0P,1,1604206646184,"{""phase"": ""INSTRUCTIONS"", ""indexOf"": 0, ""viewTime"": 1588, ""action"": ""FinishInstructions"", ""template"": ""instruct-1.html""}"
debug8621H4:debug76WQ0P,2,1604206646208,"{""phase"": ""demoquestionnaire"", ""status"": ""begin""}"
debug8621H4:debug76WQ0P,3,1604206655713,"{""phase"": ""demoquestionnaire"", ""status"": ""submit""}"
debug8621H4:debug76WQ0P,4,1604206655751,"{""phase"": ""vidcheck"", ""status"": ""begin""}"
debug8621H4:debug76WQ0P,5,1604206658694,"{""phase"": ""vidcheck"", ""status"": ""play/pause clicked: 0""}"
debug8621H4:debug76WQ0P,6,1604206665779,"{""phase"": ""vidcheck"", ""status"": ""video ended""}"
debug8621H4:debug76WQ0P,7,1604206670736,"{""phase"": ""vidcheck"", ""status"": ""submit""}"
debug8621H4:debug76WQ0P,8,1604206670749,"{""phase"": ""response_video"", ""status"": ""begin""}"
debug8621H4:debug76WQ0P,9,1604206673014,"{""phase"": ""response_video"", ""status"": ""play/pause clicked: 0""}"
debug8621H4:debug76WQ0P,10,1604206732534,"{""phase"": ""response_video"", ""status"": ""video ended""}"
debug8621H4:debug76WQ0P,11,1604206735326,"{""phase"": ""response_video"", ""status"": ""submit""}"
debug8621H4:debug76WQ0P,12,1604206735338,"{""phase"": ""questions"", ""status"": ""begin""}"
debug8621H4:debug76WQ0P,13,1604206762945,"{""phase"": ""questions_/static/videos/Nao-Sounds"", ""status"": ""submit""}"
debug8621H4:debug76WQ0P,14,1604206763042,"{""phase"": ""final_questions"", ""status"": ""begin""}"
debug8621H4:debug76WQ0P,15,1604206773185,"{""phase"": ""final_question"", ""status"": ""submit""}"
debugOWUR5V:debugEAC1LT,0,1604207489301,"{""phase"": ""INSTRUCTIONS"", ""templates"": [""instruct-1.html""], ""action"": ""Begin""}"
debugOWUR5V:debugEAC1LT,1,1604207491109,"{""phase"": ""INSTRUCTIONS"", ""indexOf"": 0, ""viewTime"": 1806, ""action"": ""FinishInstructions"", ""template"": ""instruct-1.html""}"
debugOWUR5V:debugEAC1LT,2,1604207491132,"{""phase"": ""demoquestionnaire"", ""status"": ""begin""}"
debugOWUR5V:debugEAC1LT,3,1604207497799,"{""phase"": ""demoquestionnaire"", ""status"": ""submit""}"
debugOWUR5V:debugEAC1LT,4,1604207497842,"{""phase"": ""vidcheck"", ""status"": ""begin""}"
debugOWUR5V:debugEAC1LT,5,1604207499834,"{""phase"": ""vidcheck"", ""status"": ""play/pause clicked: 0""}"
debugOWUR5V:debugEAC1LT,6,1604207506670,"{""phase"": ""vidcheck"", ""status"": ""video ended""}"
debugOWUR5V:debugEAC1LT,7,1604207509321,"{""phase"": ""vidcheck"", ""status"": ""submit""}"
debugOWUR5V:debugEAC1LT,8,1604207509334,"{""phase"": ""response_video"", ""status"": ""begin""}"
debugOWUR5V:debugEAC1LT,9,1604207511463,"{""phase"": ""response_video"", ""status"": ""play/pause clicked: 0""}"
debugOWUR5V:debugEAC1LT,10,1604207639085,"{""phase"": ""response_video"", ""status"": ""video ended""}"
debugOWUR5V:debugEAC1LT,11,1604207642835,"{""phase"": ""response_video"", ""status"": ""submit""}"
debugOWUR5V:debugEAC1LT,12,1604207642936,"{""phase"": ""questions"", ""status"": ""begin""}"
debugOWUR5V:debugEAC1LT,13,1604207689922,"{""phase"": ""questions_/static/videos/Human-Sounds"", ""status"": ""submit""}"
debugOWUR5V:debugEAC1LT,14,1604207689991,"{""phase"": ""final_questions"", ""status"": ""begin""}"
debugOWUR5V:debugEAC1LT,15,1604207700865,"{""phase"": ""final_question"", ""status"": ""submit""}"
debugP6KPUF:debugS64A18,0,1604208043858,"{""phase"": ""INSTRUCTIONS"", ""templates"": [""instruct-1.html""], ""action"": ""Begin""}"
debugP6KPUF:debugS64A18,1,1604208045878,"{""phase"": ""INSTRUCTIONS"", ""indexOf"": 0, ""viewTime"": 2016, ""action"": ""FinishInstructions"", ""template"": ""instruct-1.html""}"
debugP6KPUF:debugS64A18,2,1604208045902,"{""phase"": ""demoquestionnaire"", ""status"": ""begin""}"
debugP6KPUF:debugS64A18,3,1604208053341,"{""phase"": ""demoquestionnaire"", ""status"": ""submit""}"
debugP6KPUF:debugS64A18,4,1604208053386,"{""phase"": ""vidcheck"", ""status"": ""begin""}"
debugP6KPUF:debugS64A18,5,1604208055306,"{""phase"": ""vidcheck"", ""status"": ""play/pause clicked: 0""}"
debugP6KPUF:debugS64A18,6,1604208062602,"{""phase"": ""vidcheck"", ""status"": ""video ended""}"
debugP6KPUF:debugS64A18,7,1604208066226,"{""phase"": ""vidcheck"", ""status"": ""submit""}"
debugP6KPUF:debugS64A18,8,1604208066238,"{""phase"": ""response_video"", ""status"": ""begin""}"
debugP6KPUF:debugS64A18,9,1604208068071,"{""phase"": ""response_video"", ""status"": ""play/pause clicked: 0""}"
debugP6KPUF:debugS64A18,10,1604208125052,"{""phase"": ""response_video"", ""status"": ""video ended""}"
debugP6KPUF:debugS64A18,11,1604208126028,"{""phase"": ""response_video"", ""status"": ""submit""}"
debugP6KPUF:debugS64A18,12,1604208126032,"{""phase"": ""questions"", ""status"": ""begin""}"
debugP6KPUF:debugS64A18,13,1604208146279,"{""phase"": ""questions_/static/videos/Nao-Sounds"", ""status"": ""submit""}"
debugP6KPUF:debugS64A18,14,1604208146378,"{""phase"": ""final_questions"", ""status"": ""begin""}"
debugP6KPUF:debugS64A18,15,1604208150467,"{""phase"": ""final_question"", ""status"": ""submit""}"
